database,schema,oid,table,table_description,ordinal_position,column,column_description,data_type,connection_name,key,ref_database,ref_schema,ref_table,ref_column
rsidata,public,233940,change_record,Запись об изменении( исключении карты) change_record + termination_record,1,id,,varchar,pk__changerecord__37a5467c,PK,,,
rsidata,public,233940,change_record,Запись об изменении( исключении карты) change_record + termination_record,2,agency_id,,varchar,,,,,
rsidata,public,233940,change_record,Запись об изменении( исключении карты) change_record + termination_record,3,change_value,,varchar,,,,,
rsidata,public,233940,change_record,Запись об изменении( исключении карты) change_record + termination_record,4,employee_note,,varchar,,,,,
rsidata,public,233940,change_record,Запись об изменении( исключении карты) change_record + termination_record,5,subject_signature_date,,date,,,,,
rsidata,public,233940,change_record,Запись об изменении( исключении карты) change_record + termination_record,6,agency_signature_date,,date,,,,,
rsidata,public,233940,change_record,Запись об изменении( исключении карты) change_record + termination_record,7,register_card_id,,varchar,,,,,
rsidata,public,233940,change_record,Запись об изменении( исключении карты) change_record + termination_record,8,rec_status_id,,int4,,,,,
rsidata,public,233940,change_record,Запись об изменении( исключении карты) change_record + termination_record,9,org_id,,varchar,,,,,
rsidata,public,233940,change_record,Запись об изменении( исключении карты) change_record + termination_record,10,request_id,,varchar,,,,,
rsidata,public,233940,change_record,Запись об изменении( исключении карты) change_record + termination_record,11,record_status_id,статус Записи об изменении!!!!(в старой асуфи = card_status_id),varchar,,,,,
rsidata,public,233940,change_record,Запись об изменении( исключении карты) change_record + termination_record,12,sys_number,,int8,,,,,
rsidata,public,233940,change_record,Запись об изменении( исключении карты) change_record + termination_record,13,is_actual,,bool,,,,,
rsidata,public,233940,change_record,Запись об изменении( исключении карты) change_record + termination_record,14,subscriber_id,,varchar,fk_changerecord_subscriber,FK,rsidata,public,subscriber,id
rsidata,public,233940,change_record,Запись об изменении( исключении карты) change_record + termination_record,15,holder_id,,varchar,fk_changerecord_holder,FK,rsidata,public,holder,id
rsidata,public,233940,change_record,Запись об изменении( исключении карты) change_record + termination_record,16,order_number,,int4,,,,,
rsidata,public,233940,change_record,Запись об изменении( исключении карты) change_record + termination_record,17,register_folder_id,,varchar,fk_changerecord_registerfolder,FK,rsidata,public,register_folder,id
rsidata,public,233940,change_record,Запись об изменении( исключении карты) change_record + termination_record,18,last_modified_date,,timestamp,,,,,
rsidata,public,233940,change_record,Запись об изменении( исключении карты) change_record + termination_record,19,last_modified_by,,varchar,,,,,
rsidata,public,233940,change_record,Запись об изменении( исключении карты) change_record + termination_record,20,created_by,,varchar,,,,,
rsidata,public,233940,change_record,Запись об изменении( исключении карты) change_record + termination_record,21,created_date,Дата создания записи,timestamp,,,,,
rsidata,public,233940,change_record,Запись об изменении( исключении карты) change_record + termination_record,22,subject_signature_last_name,,varchar,,,,,
rsidata,public,233940,change_record,Запись об изменении( исключении карты) change_record + termination_record,23,subject_signature_first_name,,varchar,,,,,
rsidata,public,233940,change_record,Запись об изменении( исключении карты) change_record + termination_record,24,subject_signature_middle_name,,varchar,,,,,
rsidata,public,233940,change_record,Запись об изменении( исключении карты) change_record + termination_record,25,purpose_type,0-неизвестно (этот статус нужно будет убрать когда введем формализованные ЗОИ полностью), 1- Изменение сведений, 2 - исключение карты, 3 - Передача карты, 4 - Получение карт,int2,,,,,
rsidata,public,233940,change_record,Запись об изменении( исключении карты) change_record + termination_record,26,assignation_id,,varchar,,,,,
rsidata,public,233940,change_record,Запись об изменении( исключении карты) change_record + termination_record,27,is_termination_record,является записью на исключение,bool,,,,,
rsidata,public,3465426,object_building,,1,id,,varchar,object_building_n_pk,PK,,,
rsidata,public,3465426,object_building,,2,register_card_id,,varchar,,,,,
rsidata,public,3465426,object_building,,3,cadaster_number,,varchar,,,,,
rsidata,public,3465426,object_building,,4,cadaster_number_date,,date,,,,,
rsidata,public,3465426,object_building,,5,square,,numeric,,,,,
rsidata,public,3465426,object_building,,6,extension,,numeric,,,,,
rsidata,public,3465426,object_building,,7,number_of_storeys,,varchar,,,,,
rsidata,public,3465426,object_building,,8,underground_number_of_storeys,,int4,,,,,
rsidata,public,3465426,object_building,,9,inventory_number,,varchar,,,,,
rsidata,public,3465426,object_building,,10,putting_date,,date,,,,,
rsidata,public,3465426,object_building,,11,completion_date,,date,,,,,
rsidata,public,3465426,object_building,,12,construction_term,,numeric,,,,,
rsidata,public,3465426,object_building,,13,completion_degree,,numeric,,,,,
rsidata,public,3465426,object_building,,14,proposal_to_use,,varchar,,,,,
rsidata,public,3465426,object_building,,15,land_cadaster_number,,varchar,,,,,
rsidata,public,3465426,object_building,,16,land_square,,numeric,,,,,
rsidata,public,3465426,object_building,,17,land_category_id,,varchar,,,,,
rsidata,public,3465426,object_building,,18,culture_register_number,,varchar,,,,,
rsidata,public,3465426,object_building,,19,culture_category_id,,varchar,,,,,
rsidata,public,3465426,object_building,,20,cadaster_number_type_id,,varchar,,,,,
rsidata,public,3465426,object_building,,21,initial_cost,,numeric,,,,,
rsidata,public,3465426,object_building,,22,depleted_cost,,numeric,,,,,
rsidata,public,3465426,object_building,,23,project_cost,,numeric,,,,,
rsidata,public,3465426,object_building,,24,other_cost_name,,varchar,,,,,
rsidata,public,3465426,object_building,,25,other_cost_value,,numeric,,,,,
rsidata,public,3465426,object_building,,26,investment_fb,,numeric,,,,,
rsidata,public,3465426,object_building,,27,outstanding_investment_fb,,numeric,,,,,
rsidata,public,3465426,object_building,,28,rec_status_id,,int4,,,,,
rsidata,public,3465426,object_building,,29,right_number,,varchar,,,,,
rsidata,public,3465426,object_building,,30,other_right_number,,varchar,,,,,
rsidata,public,3465426,object_building,,31,right_date,,date,,,,,
rsidata,public,3465426,object_building,,32,other_right_date,,date,,,,,
rsidata,public,3465426,object_building,,33,proposal_to_use_date,,date,,,,,
rsidata,public,3465426,object_building,,34,org_id,,varchar,,,,,
rsidata,public,3465426,object_building,,35,property_category_id,,varchar,,,,,
rsidata,public,3465426,object_building,,36,address_id,,varchar,,,,,
rsidata,public,3465426,object_building,,37,inventory_number_liter,,varchar,,,,,
rsidata,public,3465426,object_building,,38,immovable_object_type_id,,varchar,,,,,
rsidata,public,3465426,object_building,,39,putting_year,,int4,,,,,
rsidata,public,3465426,object_building,,40,other_parameters,,varchar,,,,,
rsidata,public,3465426,object_building,,41,created_date,,timestamp,,,,,
rsidata,public,3465426,object_building,,42,created_by,,varchar,,,,,
rsidata,public,3465426,object_building,,43,last_modified_date,,timestamp,,,,,
rsidata,public,3465426,object_building,,44,last_modified_by,,varchar,,,,,
rsidata,public,3465426,object_building,,45,immovable_object_type_other,,varchar,,,,,
rsidata,public,3465426,object_building,,46,additional_storey_type,,varchar,,,,,
rsidata,public,3465426,object_building,,47,optimized_cadaster_number,,varchar,,,,,
rsidata,public,3465426,object_building,,48,book_cost,,numeric,,,,,
rsidata,public,3465426,object_building,,49,recovery_cost,,numeric,,,,,
rsidata,public,3465426,object_building,,50,is_turn_restrictions_exists,,bool,,,,,
rsidata,public,3465426,object_building,,51,object_building_type_id,,varchar,,,,,
rsidata,public,3465426,object_building,,52,emergency_type_id,,varchar,,,,,
rsidata,public,3465426,object_building,,53,emergency_reason_id,,varchar,,,,,
rsidata,public,3465426,object_building,,54,sd_cadasternumberdate,,bool,,,,,
rsidata,public,3465426,object_building,,55,sd_completiondate,,bool,,,,,
rsidata,public,3465426,object_building,,56,sd_completiondegree,,bool,,,,,
rsidata,public,3465426,object_building,,57,sd_constructionterm,,bool,,,,,
rsidata,public,3465426,object_building,,58,sd_depletedcost,,bool,,,,,
rsidata,public,3465426,object_building,,59,sd_extension,,bool,,,,,
rsidata,public,3465426,object_building,,60,sd_initialcost,,bool,,,,,
rsidata,public,3465426,object_building,,61,sd_investmentfb,,bool,,,,,
rsidata,public,3465426,object_building,,62,sd_landsquare,,bool,,,,,
rsidata,public,3465426,object_building,,63,sd_othercostvalue,,bool,,,,,
rsidata,public,3465426,object_building,,64,sd_otherrightdate,,bool,,,,,
rsidata,public,3465426,object_building,,65,sd_outstandinginvestmentfb,,bool,,,,,
rsidata,public,3465426,object_building,,66,sd_projectcost,,bool,,,,,
rsidata,public,3465426,object_building,,67,sd_proposaltousedate,,bool,,,,,
rsidata,public,3465426,object_building,,68,sd_puttingyear,,bool,,,,,
rsidata,public,3465426,object_building,,69,sd_rightdate,,bool,,,,,
rsidata,public,3465426,object_building,,70,sd_square,,bool,,,,,
rsidata,public,3465426,object_building,,71,sd_undergroundnumberofstoreys,,bool,,,,,
rsidata,public,3465426,object_building,,72,privatization_year,,varchar,,,,,
rsidata,public,3465426,object_building,,73,target_function_id,,varchar,,,,,
rsidata,public,60509,object_building_land,Земельный участок, над (под) которым находится объект учета,1,id,ИД земельного участка, над (под) которым находится объект учета,varchar,pk_objectbuildingland,PK,,,
rsidata,public,60509,object_building_land,Земельный участок, над (под) которым находится объект учета,2,register_card_id,ИД карты объекта учета, который находится над (под) земельным участком,varchar,,,,,
rsidata,public,60509,object_building_land,Земельный участок, над (под) которым находится объект учета,3,land_cadaster_number,Кадастровый номер земельного участка, над (под) которым находится объект учета,varchar,,,,,
rsidata,public,60509,object_building_land,Земельный участок, над (под) которым находится объект учета,4,land_square,Площадь земельного участка, над (под) которым находится объект учета,numeric,,,,,
rsidata,public,60509,object_building_land,Земельный участок, над (под) которым находится объект учета,5,land_category_id,ИД категории земельного участка, над (под) которым находится объект учета,varchar,,,,,
rsidata,public,60509,object_building_land,Земельный участок, над (под) которым находится объект учета,6,property_category_id,ИД формы собственности,varchar,,,,,
rsidata,public,60509,object_building_land,Земельный участок, над (под) которым находится объект учета,7,rec_status_id,ИД статуса записи,int4,,,,,
rsidata,public,60509,object_building_land,Земельный участок, над (под) которым находится объект учета,8,org_id,ИД организации,varchar,,,,,
rsidata,public,60509,object_building_land,Земельный участок, над (под) которым находится объект учета,9,created_date,,timestamp,,,,,
rsidata,public,60509,object_building_land,Земельный участок, над (под) которым находится объект учета,10,created_by,,varchar,,,,,
rsidata,public,60509,object_building_land,Земельный участок, над (под) которым находится объект учета,11,last_modified_date,,timestamp,,,,,
rsidata,public,60509,object_building_land,Земельный участок, над (под) которым находится объект учета,12,last_modified_by,,varchar,,,,,
rsidata,public,60509,object_building_land,Земельный участок, над (под) которым находится объект учета,13,sd_land_square,Признак закрытых сведений поля: Площадь земельного участка, над (под) которым находится объект учета,bool,,,,,
rsidata,public,60509,object_building_land,Земельный участок, над (под) которым находится объект учета,14,land_category_other,Иная категория земель,varchar,,,,,
rsidata,public,60509,object_building_land,Земельный участок, над (под) которым находится объект учета,15,register_card_land_id,,varchar,,,,,
rsidata,public,60509,object_building_land,Земельный участок, над (под) которым находится объект учета,16,rnfi,,varchar,,,,,
rsidata,public,60509,object_building_land,Земельный участок, над (под) которым находится объект учета,17,address_id,,varchar,,,,,
rsidata,public,60509,object_building_land,Земельный участок, над (под) которым находится объект учета,18,external_system_id,,varchar,,,,,
rsidata,public,60509,object_building_land,Земельный участок, над (под) которым находится объект учета,19,object_building_id,ИД здания и сооружения для земли,varchar,,,,,
rsidata,public,60491,object_building_old,Карта зданий,1,id,ИД имущества Здания,varchar,pk_objectbuilding,PK,,,
rsidata,public,60491,object_building_old,Карта зданий,2,register_card_id,ИД карты,varchar,,,,,
rsidata,public,60491,object_building_old,Карта зданий,3,cadaster_number,Кадастровый (условный) номер,varchar,,,,,
rsidata,public,60491,object_building_old,Карта зданий,4,cadaster_number_date,Дата присвоения кадастрового (условного) номера,date,,,,,
rsidata,public,60491,object_building_old,Карта зданий,5,square,Общая площадь (кв. м),numeric,,,,,
rsidata,public,60491,object_building_old,Карта зданий,6,extension,Протяженность (км),numeric,,,,,
rsidata,public,60491,object_building_old,Карта зданий,7,number_of_storeys,Этажность,varchar,,,,,
rsidata,public,60491,object_building_old,Карта зданий,8,underground_number_of_storeys,Подземная этажность,int4,,,,,
rsidata,public,60491,object_building_old,Карта зданий,9,inventory_number,Инвентарный номер,varchar,,,,,
rsidata,public,60491,object_building_old,Карта зданий,10,putting_date,Дата ввода в эксплуатацию,date,,,,,
rsidata,public,60491,object_building_old,Карта зданий,11,completion_date,Дата фактического прекращения строительства,date,,,,,
rsidata,public,60491,object_building_old,Карта зданий,12,construction_term,Срок строительства,numeric,,,,,
rsidata,public,60491,object_building_old,Карта зданий,13,completion_degree,Степень завершенности строительства, %,numeric,,,,,
rsidata,public,60491,object_building_old,Карта зданий,14,proposal_to_use,Предложения по дальнейшему использованию,varchar,,,,,
rsidata,public,60491,object_building_old,Карта зданий,15,land_cadaster_number,Кадастровый номер земельного участка,varchar,,,,,
rsidata,public,60491,object_building_old,Карта зданий,16,land_square,Площадь земельного участка,numeric,,,,,
rsidata,public,60491,object_building_old,Карта зданий,17,land_category_id,ИД категории земли,varchar,,,,,
rsidata,public,60491,object_building_old,Карта зданий,18,culture_register_number,Регистрационный номер объекта культурного наследия,varchar,,,,,
rsidata,public,60491,object_building_old,Карта зданий,19,culture_category_id,ИД категории историко-культурного значения,varchar,,,,,
rsidata,public,60491,object_building_old,Карта зданий,20,cadaster_number_type_id,Тип кадастрового номера (кадастровый, условный),varchar,,,,,
rsidata,public,60491,object_building_old,Карта зданий,21,initial_cost,Первоначальная стоимость  (тыс. рублей),numeric,,,,,
rsidata,public,60491,object_building_old,Карта зданий,22,depleted_cost,Остаточная стоимость,numeric,,,,,
rsidata,public,60491,object_building_old,Карта зданий,23,project_cost,Проектная стоимость,numeric,,,,,
rsidata,public,60491,object_building_old,Карта зданий,24,other_cost_name,Наименование иного вида стоимости,varchar,,,,,
rsidata,public,60491,object_building_old,Карта зданий,25,other_cost_value,Стоимость иного вида,numeric,,,,,
rsidata,public,60491,object_building_old,Карта зданий,26,investment_fb,Средства, выделенные из федерального бюджета,numeric,,,,,
rsidata,public,60491,object_building_old,Карта зданий,27,outstanding_investment_fb,Освоенные средства федерального бюджета,numeric,,,,,
rsidata,public,60491,object_building_old,Карта зданий,28,rec_status_id,Статус записи,int4,,,,,
rsidata,public,60491,object_building_old,Карта зданий,29,right_number,Номер регистрации права собственности РФ,varchar,,,,,
rsidata,public,60491,object_building_old,Карта зданий,30,other_right_number,Номер регистрации иного вещного права,varchar,,,,,
rsidata,public,60491,object_building_old,Карта зданий,31,right_date,Дата регистрации права собственности РФ,date,,,,,
rsidata,public,60491,object_building_old,Карта зданий,32,other_right_date,Дата регистрации иного вещного права,date,,,,,
rsidata,public,60491,object_building_old,Карта зданий,33,proposal_to_use_date,Дата предложения по использованию,date,,,,,
rsidata,public,60491,object_building_old,Карта зданий,34,org_id,ИД организации,varchar,,,,,
rsidata,public,60491,object_building_old,Карта зданий,35,property_category_id,ИД формы собственности,varchar,,,,,
rsidata,public,60491,object_building_old,Карта зданий,36,address_id,ИД адреса (местоположения),varchar,fk_object_b_reference_address,FK,rsidata,public,address,id
rsidata,public,60491,object_building_old,Карта зданий,37,inventory_number_liter,Инвентарный номер, литер,varchar,,,,,
rsidata,public,60491,object_building_old,Карта зданий,38,immovable_object_type_id,Тип объекта недвижимости,varchar,,,,,
rsidata,public,60491,object_building_old,Карта зданий,39,putting_year,Год ввода в эксплуатацию,int4,,,,,
rsidata,public,60491,object_building_old,Карта зданий,40,other_parameters,Наименование иных параметров с единицами измерений,varchar,,,,,
rsidata,public,60491,object_building_old,Карта зданий,41,created_date,,timestamp,,,,,
rsidata,public,60491,object_building_old,Карта зданий,42,created_by,,varchar,,,,,
rsidata,public,60491,object_building_old,Карта зданий,43,last_modified_date,,timestamp,,,,,
rsidata,public,60491,object_building_old,Карта зданий,44,last_modified_by,,varchar,,,,,
rsidata,public,60491,object_building_old,Карта зданий,45,immovable_object_type_other,Иной тип объекта недвижимости,varchar,,,,,
rsidata,public,60491,object_building_old,Карта зданий,46,additional_storey_type,,varchar,,,,,
rsidata,public,60491,object_building_old,Карта зданий,47,optimized_cadaster_number,,varchar,,,,,
rsidata,public,60491,object_building_old,Карта зданий,48,book_cost,,numeric,,,,,
rsidata,public,60491,object_building_old,Карта зданий,49,recovery_cost,,numeric,,,,,
rsidata,public,60491,object_building_old,Карта зданий,50,is_turn_restrictions_exists,,bool,,,,,
rsidata,public,60491,object_building_old,Карта зданий,51,object_building_type_id,,varchar,,,,,
rsidata,public,60491,object_building_old,Карта зданий,52,emergency_type_id,,varchar,,,,,
rsidata,public,60491,object_building_old,Карта зданий,53,emergency_reason_id,,varchar,,,,,
rsidata,public,60491,object_building_old,Карта зданий,54,sd_cadasternumberdate,,bool,,,,,
rsidata,public,60491,object_building_old,Карта зданий,55,sd_completiondate,,bool,,,,,
rsidata,public,60491,object_building_old,Карта зданий,56,sd_completiondegree,,bool,,,,,
rsidata,public,60491,object_building_old,Карта зданий,57,sd_constructionterm,,bool,,,,,
rsidata,public,60491,object_building_old,Карта зданий,58,sd_depletedcost,,bool,,,,,
rsidata,public,60491,object_building_old,Карта зданий,59,sd_extension,,bool,,,,,
rsidata,public,60491,object_building_old,Карта зданий,60,sd_initialcost,,bool,,,,,
rsidata,public,60491,object_building_old,Карта зданий,61,sd_investmentfb,,bool,,,,,
rsidata,public,60491,object_building_old,Карта зданий,62,sd_landsquare,,bool,,,,,
rsidata,public,60491,object_building_old,Карта зданий,63,sd_othercostvalue,,bool,,,,,
rsidata,public,60491,object_building_old,Карта зданий,64,sd_otherrightdate,,bool,,,,,
rsidata,public,60491,object_building_old,Карта зданий,65,sd_outstandinginvestmentfb,,bool,,,,,
rsidata,public,60491,object_building_old,Карта зданий,66,sd_projectcost,,bool,,,,,
rsidata,public,60491,object_building_old,Карта зданий,67,sd_proposaltousedate,,bool,,,,,
rsidata,public,60491,object_building_old,Карта зданий,68,sd_puttingyear,,bool,,,,,
rsidata,public,60491,object_building_old,Карта зданий,69,sd_rightdate,,bool,,,,,
rsidata,public,60491,object_building_old,Карта зданий,70,sd_square,,bool,,,,,
rsidata,public,60491,object_building_old,Карта зданий,71,sd_undergroundnumberofstoreys,,bool,,,,,
rsidata,public,60491,object_building_old,Карта зданий,72,privatization_year,,varchar,,,,,
rsidata,public,60491,object_building_old,Карта зданий,73,target_function_id,,varchar,,,,,
rsidata,public,3761484,object_foreign_state,,1,id,,varchar,object_foreign_state_pk,PK,,,
rsidata,public,3761484,object_foreign_state,,2,register_card_id,,varchar,,,,,
rsidata,public,3761484,object_foreign_state,,3,technical_condition,Техническое состояние,varchar,,,,,
rsidata,public,3761484,object_foreign_state,,4,overhaul_date,Дата капитального ремонта (реконструкции),date,,,,,
rsidata,public,3761484,object_foreign_state,,5,is_required_overhaul,Необходимость проведения капитального ремонта (реконструкции),bool,,,,,
rsidata,public,3761484,object_foreign_state,,6,financing_overhaul,Источники финансирования капитального ремонта (реконструкции),varchar,,,,,
rsidata,public,3761484,object_foreign_state,,7,category_use,Категории использования, текущее фактическое использование имущества,varchar,,,,,
rsidata,public,3761484,object_foreign_state,,8,planned_register_date,Плановая дата регистрации права собственности Российской Федерации,date,,,,,
rsidata,public,3761484,object_foreign_state,,9,actual_use,Фактическое использование,varchar,,,,,
rsidata,public,3761484,object_foreign_state,,10,rec_status_id,,int4,,,,,
rsidata,public,3761484,object_foreign_state,,11,created_date,,timestamp,,,,,
rsidata,public,3761484,object_foreign_state,,12,created_by,,varchar,,,,,
rsidata,public,3761484,object_foreign_state,,13,last_modified_date,,timestamp,,,,,
rsidata,public,3761484,object_foreign_state,,14,last_modified_by,,varchar,,,,,
rsidata,public,3761484,object_foreign_state,,15,is_foreign_object,Признак отнесения объекта к зарубежной собственности,bool,,,,,
rsidata,public,3761484,object_foreign_state,,16,user_role,,varchar,,,,,
rsidata,public,61162,object_investment,Карта вкладов,1,id,ИД вклада,varchar,pk_objectinvestment,PK,,,
rsidata,public,61162,object_investment,Карта вкладов,2,register_card_id,ИД главной карты реестра,varchar,,,,,
rsidata,public,61162,object_investment,Карта вкладов,3,capital_share_value,Доля (вклад) в уставном (складочном) капитале (процентов),numeric,,,,,
rsidata,public,61162,object_investment,Карта вкладов,4,rec_status_id,,int4,,,,,
rsidata,public,61162,object_investment,Карта вкладов,5,org_id,,varchar,,,,,
rsidata,public,61162,object_investment,Карта вкладов,6,economic_company_card_id,ИД карты хозяйственного общества,varchar,,,,,
rsidata,public,61162,object_investment,Карта вкладов,7,sd_capital_share_value,Признак закрытых сведений поля: Доля (вклад) в уставном (складочном) капитале (%),bool,,,,,
rsidata,public,61162,object_investment,Карта вкладов,8,last_modified_by,Login пользователя инициатора изменений,varchar,,,,,
rsidata,public,61162,object_investment,Карта вкладов,9,last_modified_date,Дата изменения записи,timestamp,,,,,
rsidata,public,61162,object_investment,Карта вкладов,10,created_by,Login пользователя инициатора создания,varchar,,,,,
rsidata,public,61162,object_investment,Карта вкладов,11,created_date,Дата создания записи,timestamp,,,,,
rsidata,public,60431,object_land,Карта земельного участка,1,id,ИД карты земельного участка,varchar,pk_objectland,PK,,,
rsidata,public,60431,object_land,Карта земельного участка,2,register_card_id,ИД главной карты РФИ,varchar,,,,,
rsidata,public,60431,object_land,Карта земельного участка,3,land_category_id,ИД категории земли,varchar,,,,,
rsidata,public,60431,object_land,Карта земельного участка,4,land_use_type_id,ИД вида разрешенного использования,varchar,,,,,
rsidata,public,60431,object_land,Карта земельного участка,5,cadaster_number,Кадастровый (условный) номер,varchar,,,,,
rsidata,public,60431,object_land,Карта земельного участка,6,cadaster_number_date,Дата присвоения кадастрового (условного) номера,date,,,,,
rsidata,public,60431,object_land,Карта земельного участка,7,square,Площадь,numeric,,,,,
rsidata,public,60431,object_land,Карта земельного участка,8,initial_cost,Первоначальная стоимость,numeric,,,,,
rsidata,public,60431,object_land,Карта земельного участка,9,other_cost_name,Наименование иного вида стоимости,varchar,,,,,
rsidata,public,60431,object_land,Карта земельного участка,10,other_cost_value,Значение иного вида стоимости,numeric,,,,,
rsidata,public,60431,object_land,Карта земельного участка,11,cadaster_number_type_id,Тип кадастрового номера,varchar,,,,,
rsidata,public,60431,object_land,Карта земельного участка,12,right_number,Номер регистрации права собственности РФ,varchar,,,,,
rsidata,public,60431,object_land,Карта земельного участка,13,other_right_number,Номер регистрации иного вещного права,varchar,,,,,
rsidata,public,60431,object_land,Карта земельного участка,14,right_date,Дата регистрации права собственности РФ,date,,,,,
rsidata,public,60431,object_land,Карта земельного участка,15,other_right_date,Дата регистрации иного вещного права,date,,,,,
rsidata,public,60431,object_land,Карта земельного участка,16,rec_status_id,,int4,,,,,
rsidata,public,60431,object_land,Карта земельного участка,17,org_id,,varchar,,,,,
rsidata,public,60431,object_land,Карта земельного участка,18,address_id,,varchar,fk_objectland_address,FK,rsidata,public,address,id
rsidata,public,60431,object_land,Карта земельного участка,19,created_by,Login пользователя инициатора изменений,varchar,,,,,
rsidata,public,60431,object_land,Карта земельного участка,20,last_modified_date,Дата изменения записи,timestamp,,,,,
rsidata,public,60431,object_land,Карта земельного участка,21,created_date,Дата создания записи,timestamp,,,,,
rsidata,public,60431,object_land,Карта земельного участка,22,sd_cadaster_number_date,Признак закрытых сведений поля: Дата присвоения кадастрового (условного) номера,bool,,,,,
rsidata,public,60431,object_land,Карта земельного участка,23,sd_initial_cost,Признак закрытых сведений поля: Первоначальная стоимость  (тыс. рублей),bool,,,,,
rsidata,public,60431,object_land,Карта земельного участка,24,sd_other_cost_value,Признак закрытых сведений поля: Стоимость иного вида,bool,,,,,
rsidata,public,60431,object_land,Карта земельного участка,25,sd_other_right_date,Признак закрытых сведений поля: Дата регистрации иного вещного права,bool,,,,,
rsidata,public,60431,object_land,Карта земельного участка,26,sd_right_date,Признак закрытых сведений поля: Дата регистрации права собственности РФ,bool,,,,,
rsidata,public,60431,object_land,Карта земельного участка,27,sd_square,Признак закрытых сведений поля: Площадь (кв. м),bool,,,,,
rsidata,public,60431,object_land,Карта земельного участка,28,land_use_type_other,Иной вид разрешенного использования земель,varchar,,,,,
rsidata,public,60431,object_land,Карта земельного участка,29,land_category_other,Иная категория земель,varchar,,,,,
rsidata,public,60431,object_land,Карта земельного участка,30,inventory_number,Инвентарный номер,varchar,,,,,
rsidata,public,60431,object_land,Карта земельного участка,31,optimized_cadaster_number,,varchar,,,,,
rsidata,public,60431,object_land,Карта земельного участка,32,cadastral_cost,,numeric,,,,,
rsidata,public,60431,object_land,Карта земельного участка,33,market_cost,,numeric,,,,,
rsidata,public,60431,object_land,Карта земельного участка,34,is_turn_restrictions_exists,,bool,,,,,
rsidata,public,60431,object_land,Карта земельного участка,35,last_modified_by,Login пользователя инициатора изменений,varchar,,,,,
rsidata,public,60804,object_move,Карта объекта движимого имущества,1,id,ИД карты движимого имущества,varchar,pk_objectmove,PK,,,
rsidata,public,60804,object_move,Карта объекта движимого имущества,2,culture_register_number,Регистрационный номер объекта культурного наследия,varchar,,,,,
rsidata,public,60804,object_move,Карта объекта движимого имущества,3,initial_cost,Первоначальная стоимость,numeric,,,,,
rsidata,public,60804,object_move,Карта объекта движимого имущества,4,depleted_cost,Остаточная стоимость,numeric,,,,,
rsidata,public,60804,object_move,Карта объекта движимого имущества,5,other_cost_name,Наименование иного вида стоимости,varchar,,,,,
rsidata,public,60804,object_move,Карта объекта движимого имущества,6,other_cost_value,Значение иного вида стоимости,numeric,,,,,
rsidata,public,60804,object_move,Карта объекта движимого имущества,7,register_card_id,ИД главной карты РФИ,varchar,,,,,
rsidata,public,60804,object_move,Карта объекта движимого имущества,8,culture_category_id,ИД категории культурного значения,varchar,,,,,
rsidata,public,60804,object_move,Карта объекта движимого имущества,9,gov_register_number,Государственный регистрационный знак,varchar,,,,,
rsidata,public,60804,object_move,Карта объекта движимого имущества,10,gov_register_date,Дата регистрации государственного знака,date,,,,,
rsidata,public,60804,object_move,Карта объекта движимого имущества,11,inventory_number,Инвентарный номер,varchar,,,,,
rsidata,public,60804,object_move,Карта объекта движимого имущества,12,model,Марка, модель,varchar,,,,,
rsidata,public,60804,object_move,Карта объекта движимого имущества,13,produce_year,Год выпуска,int4,,,,,
rsidata,public,60804,object_move,Карта объекта движимого имущества,14,rec_status_id,,int4,,,,,
rsidata,public,60804,object_move,Карта объекта движимого имущества,15,org_id,,varchar,,,,,
rsidata,public,60804,object_move,Карта объекта движимого имущества,16,right_number,Номер регистрации права собственности РФ,varchar,,,,,
rsidata,public,60804,object_move,Карта объекта движимого имущества,17,other_right_number,Номер регистрации иного вещного права,varchar,,,,,
rsidata,public,60804,object_move,Карта объекта движимого имущества,18,right_date,Дата регистрации права собственности РФ,date,,,,,
rsidata,public,60804,object_move,Карта объекта движимого имущества,19,other_right_date,Дата регистрации иного вещного права,date,,,,,
rsidata,public,60804,object_move,Карта объекта движимого имущества,20,movable_object_type_id,Тип движимого имущества,varchar,,,,,
rsidata,public,60804,object_move,Карта объекта движимого имущества,21,object_mode,Вид имущества,varchar,,,,,
rsidata,public,60804,object_move,Карта объекта движимого имущества,22,created_date,,timestamp,,,,,
rsidata,public,60804,object_move,Карта объекта движимого имущества,23,created_by,,varchar,,,,,
rsidata,public,60804,object_move,Карта объекта движимого имущества,24,last_modified_date,,timestamp,,,,,
rsidata,public,60804,object_move,Карта объекта движимого имущества,25,last_modified_by,,varchar,,,,,
rsidata,public,60804,object_move,Карта объекта движимого имущества,26,sd_depleted_cost,Признак закрытых сведений поля: Остаточная стоимость (тыс. рублей),bool,,,,,
rsidata,public,60804,object_move,Карта объекта движимого имущества,27,sd_gov_register_date,Признак закрытых сведений поля: Дата регистрации государственного знака,bool,,,,,
rsidata,public,60804,object_move,Карта объекта движимого имущества,28,sd_initial_cost,Признак закрытых сведений поля: Первоначальная стоимость (тыс. рублей),bool,,,,,
rsidata,public,60804,object_move,Карта объекта движимого имущества,29,sd_other_cost_value,Признак закрытых сведений поля: Стоимость иного вида (тыс. рублей),bool,,,,,
rsidata,public,60804,object_move,Карта объекта движимого имущества,30,sd_produce_year,Признак закрытых сведений поля: Год выпуска,bool,,,,,
rsidata,public,60804,object_move,Карта объекта движимого имущества,31,is_most_valuable,,bool,,,,,
rsidata,public,60804,object_move,Карта объекта движимого имущества,32,include_to_most_valuable_date,,date,,,,,
rsidata,public,60804,object_move,Карта объекта движимого имущества,33,book_cost,,numeric,,,,,
rsidata,public,60804,object_move,Карта объекта движимого имущества,34,recovery_cost,,numeric,,,,,
rsidata,public,60804,object_move,Карта объекта движимого имущества,35,is_turn_restrictions_exists,,bool,,,,,
rsidata,public,60804,object_move,Карта объекта движимого имущества,36,vin,,varchar,,,,,
rsidata,public,60804,object_move,Карта объекта движимого имущества,37,type_of_objects_of_intellectual,,varchar,,,,,
rsidata,public,60804,object_move,Карта объекта движимого имущества,38,privatization_year,,varchar,,,,,
rsidata,public,73685,object_of_complex_to_land_links,,1,object_of_complex_id,,varchar,pk_object_of_complex_to_land_links,PK,,,
rsidata,public,73685,object_of_complex_to_land_links,,1,object_of_complex_id,,varchar,fk_objectofcomplextolandlinks_objectofcomplex,FK,rsidata,public,objects_of_complex,id
rsidata,public,73685,object_of_complex_to_land_links,,2,object_building_land_id,,varchar,pk_object_of_complex_to_land_links,PK,,,
rsidata,public,73685,object_of_complex_to_land_links,,2,object_building_land_id,,varchar,fk_objectofcomplextolandlinks_buildingland,FK,rsidata,public,object_building_land,id
rsidata,public,73685,object_of_complex_to_land_links,,3,rec_status_id,,int4,,,,,
rsidata,public,73685,object_of_complex_to_land_links,,4,is_object_of_complex_link,,bool,,,,,
rsidata,public,73685,object_of_complex_to_land_links,,5,id,,varchar,,,,,
rsidata,public,73685,object_of_complex_to_land_links,,6,created_by,,varchar,,,,,
rsidata,public,73685,object_of_complex_to_land_links,,7,created_date,,timestamp,,,,,
rsidata,public,73685,object_of_complex_to_land_links,,8,last_modified_by,,varchar,,,,,
rsidata,public,73685,object_of_complex_to_land_links,,9,last_modified_date,,timestamp,,,,,
rsidata,public,61226,object_other_move,Карта объекта иного движимого имущества,1,id,ИД карты иного движимого имущества,varchar,pk_objectothermove,PK,,,
rsidata,public,61226,object_other_move,Карта объекта иного движимого имущества,2,depleted_cost,Остаточная стоимость,numeric,,,,,
rsidata,public,61226,object_other_move,Карта объекта иного движимого имущества,3,register_card_id,ИД главной карты РФИ,varchar,fk_object_o_reference_register,FK,rsidata,public,register_card,id
rsidata,public,61226,object_other_move,Карта объекта иного движимого имущества,4,rec_status_id,,int4,,,,,
rsidata,public,61226,object_other_move,Карта объекта иного движимого имущества,5,org_id,,varchar,,,,,
rsidata,public,61226,object_other_move,Карта объекта иного движимого имущества,6,movable_object_type_id,Тип движимого имущества,varchar,,,,,
rsidata,public,61226,object_other_move,Карта объекта иного движимого имущества,7,initial_cost,Первоначальная стоимость,numeric,,,,,
rsidata,public,61226,object_other_move,Карта объекта иного движимого имущества,8,last_modified_by,Login пользователя инициатора изменений,varchar,,,,,
rsidata,public,61226,object_other_move,Карта объекта иного движимого имущества,9,last_modified_date,Дата изменения записи,timestamp,,,,,
rsidata,public,61226,object_other_move,Карта объекта иного движимого имущества,10,created_date,Дата создания записи,timestamp,,,,,
rsidata,public,61226,object_other_move,Карта объекта иного движимого имущества,11,sd_depleted_cost,Признак закрытых сведений поля: Остаточная стоимость,bool,,,,,
rsidata,public,61226,object_other_move,Карта объекта иного движимого имущества,12,sd_initial_cost,Признак закрытых сведений поля: Первоначальная стоимость,bool,,,,,
rsidata,public,61226,object_other_move,Карта объекта иного движимого имущества,13,book_cost,,numeric,,,,,
rsidata,public,61226,object_other_move,Карта объекта иного движимого имущества,14,recovery_cost,,numeric,,,,,
rsidata,public,61226,object_other_move,Карта объекта иного движимого имущества,15,cost_of_current_assets,,numeric,,,,,
rsidata,public,61226,object_other_move,Карта объекта иного движимого имущества,16,created_by,,varchar,,,,,
rsidata,public,60532,object_room,Карта помещения,1,id,ИД карты помещения,varchar,pk_objectroom,PK,,,
rsidata,public,60532,object_room,Карта помещения,2,cadaster_number,Кадастровый (условный) номер,varchar,,,,,
rsidata,public,60532,object_room,Карта помещения,3,cadaster_number_date,Дата присвоения кадастрового (условного) номера,date,,,,,
rsidata,public,60532,object_room,Карта помещения,4,square,Общая площадь,numeric,,,,,
rsidata,public,60532,object_room,Карта помещения,5,floor,Этаж,varchar,,,,,
rsidata,public,60532,object_room,Карта помещения,6,property_category_id,ИД формы собственности здания, сооружения,varchar,,,,,
rsidata,public,60532,object_room,Карта помещения,7,culture_register_number,Регистрационный номер объекта культурного наследия,varchar,,,,,
rsidata,public,60532,object_room,Карта помещения,8,initial_cost,Первоначальная стоимость,numeric,,,,,
rsidata,public,60532,object_room,Карта помещения,9,depleted_cost,Остаточная стоимость,numeric,,,,,
rsidata,public,60532,object_room,Карта помещения,10,other_cost_name,Наименование иного вида стоимости,varchar,,,,,
rsidata,public,60532,object_room,Карта помещения,11,other_cost_value,Значение иного вида стоимости,numeric,,,,,
rsidata,public,60532,object_room,Карта помещения,12,register_card_id,ИД главной карты РФИ,varchar,fk_object_r_reference_register,FK,rsidata,public,register_card,id
rsidata,public,60532,object_room,Карта помещения,13,culture_category_id,ИД категории историко-культурного значения,varchar,,,,,
rsidata,public,60532,object_room,Карта помещения,14,cadaster_number_type_id,Тип кадастрового номера,varchar,,,,,
rsidata,public,60532,object_room,Карта помещения,15,rec_status_id,,int4,,,,,
rsidata,public,60532,object_room,Карта помещения,16,org_id,,varchar,,,,,
rsidata,public,60532,object_room,Карта помещения,17,right_number,Номер регистрации права собственности РФ,varchar,,,,,
rsidata,public,60532,object_room,Карта помещения,18,other_right_number,Номер регистрации иного вещного права,varchar,,,,,
rsidata,public,60532,object_room,Карта помещения,19,right_date,Дата регистрации права собственности РФ,date,,,,,
rsidata,public,60532,object_room,Карта помещения,20,other_right_date,Дата регистрации иного вещного права,date,,,,,
rsidata,public,60532,object_room,Карта помещения,21,address_id,ИД адреса (местоположения),varchar,fk_object_r_reference_address,FK,rsidata,public,address,id
rsidata,public,60532,object_room,Карта помещения,22,created_date,,timestamp,,,,,
rsidata,public,60532,object_room,Карта помещения,23,created_by,,varchar,,,,,
rsidata,public,60532,object_room,Карта помещения,24,last_modified_date,,timestamp,,,,,
rsidata,public,60532,object_room,Карта помещения,25,last_modified_by,,varchar,,,,,
rsidata,public,60532,object_room,Карта помещения,26,sd_cadaster_number_date,Признак закрытых сведений поля: Дата присвоения кадастрового (условного) номера,bool,,,,,
rsidata,public,60532,object_room,Карта помещения,27,sd_depleted_cost,Признак закрытых сведений поля: Остаточная стоимость (тыс. рублей),bool,,,,,
rsidata,public,60532,object_room,Карта помещения,28,sd_initial_cost,Признак закрытых сведений поля: Первоначальная стоимость (тыс. рублей),bool,,,,,
rsidata,public,60532,object_room,Карта помещения,29,sd_other_cost_value,Признак закрытых сведений поля: Значение иного вида стоимости,bool,,,,,
rsidata,public,60532,object_room,Карта помещения,30,sd_other_right_date,Признак закрытых сведений поля: Дата регистрации иного вещного права,bool,,,,,
rsidata,public,60532,object_room,Карта помещения,31,sd_right_date,Признак закрытых сведений поля: Дата регистрации права собственности РФ,bool,,,,,
rsidata,public,60532,object_room,Карта помещения,32,sd_square,Признак закрытых сведений поля: Общая площадь (кв. м),bool,,,,,
rsidata,public,60532,object_room,Карта помещения,33,inventory_number,Инвентарный номер,varchar,,,,,
rsidata,public,60532,object_room,Карта помещения,34,optimized_cadaster_number,,varchar,,,,,
rsidata,public,60532,object_room,Карта помещения,35,book_cost,,numeric,,,,,
rsidata,public,60532,object_room,Карта помещения,36,recovery_cost,,numeric,,,,,
rsidata,public,60532,object_room,Карта помещения,37,is_turn_restrictions_exists,,bool,,,,,
rsidata,public,60532,object_room,Карта помещения,38,object_room_type_id,,varchar,,,,,
rsidata,public,60532,object_room,Карта помещения,39,recognized_id,,varchar,,,,,
rsidata,public,60532,object_room,Карта помещения,40,object_building_id,ИД карты ОН,varchar,,,,,
rsidata,public,60532,object_room,Карта помещения,41,privatization_year,,varchar,,,,,
rsidata,public,60532,object_room,Карта помещения,42,target_function_id,,varchar,,,,,
rsidata,public,60532,object_room,Карта помещения,43,is_smsp,,bool,,,,,
rsidata,public,60532,object_room,Карта помещения,44,is_proposal_smsp,,bool,,,,,
rsidata,public,60532,object_room,Карта помещения,45,is_public,,bool,,,,,
rsidata,public,60574,object_share,Карта доли ( 2.4),1,id,ИД карты доли,varchar,pk_objectshare,PK,,,
rsidata,public,60574,object_share,Карта доли ( 2.4),2,initial_cost,Первоначальная стоимость,numeric,,,,,
rsidata,public,60574,object_share,Карта доли ( 2.4),3,other_cost_name,Наименование иного вида стоимости,varchar,,,,,
rsidata,public,60574,object_share,Карта доли ( 2.4),4,other_cost_value,Значение иного вида стоимости,numeric,,,,,
rsidata,public,60574,object_share,Карта доли ( 2.4),5,register_card_id,ИД главной карты РФИ,varchar,fk_object_s_reference_register,FK,rsidata,public,register_card,id
rsidata,public,60574,object_share,Карта доли ( 2.4),6,share_proper_fraction_value,Размер доли в виде правильной дроби,varchar,,,,,
rsidata,public,60574,object_share,Карта доли ( 2.4),7,share_other_mode_value,Размер доли в документе,varchar,,,,,
rsidata,public,60574,object_share,Карта доли ( 2.4),8,rec_status_id,,int4,,,,,
rsidata,public,60574,object_share,Карта доли ( 2.4),9,org_id,,varchar,,,,,
rsidata,public,60574,object_share,Карта доли ( 2.4),10,created_date,,timestamp,,,,,
rsidata,public,60574,object_share,Карта доли ( 2.4),11,created_by,,varchar,,,,,
rsidata,public,60574,object_share,Карта доли ( 2.4),12,last_modified_date,,timestamp,,,,,
rsidata,public,60574,object_share,Карта доли ( 2.4),13,last_modified_by,,varchar,,,,,
rsidata,public,60574,object_share,Карта доли ( 2.4),14,sd_initial_cost,Признак закрытых сведений поля: Первоначальная стоимость  (тыс. рублей),bool,,,,,
rsidata,public,60574,object_share,Карта доли ( 2.4),15,sd_other_cost_value,Признак закрытых сведений поля: Стоимость иного вида  (тыс. рублей),bool,,,,,
rsidata,public,60574,object_share,Карта доли ( 2.4),16,share_value_numerator,,int8,,,,,
rsidata,public,60574,object_share,Карта доли ( 2.4),17,share_value_denominator,,int8,,,,,
rsidata,public,61030,object_ship,Карта воздушного или морского судна,1,id,ИД карты воздушного или морского судна,varchar,pk_objectship,PK,,,
rsidata,public,61030,object_ship,Карта воздушного или морского судна,2,ship_number,Номер регистрации,varchar,,,,,
rsidata,public,61030,object_ship,Карта воздушного или морского судна,3,ship_number_date,Дата регистрации,date,,,,,
rsidata,public,61030,object_ship,Карта воздушного или морского судна,4,initial_cost,Первоначальная стоимость,numeric,,,,,
rsidata,public,61030,object_ship,Карта воздушного или морского судна,5,depleted_cost,Остаточная стоимость,numeric,,,,,
rsidata,public,61030,object_ship,Карта воздушного или морского судна,6,other_cost_name,Наименование иного вида стоимости,varchar,,,,,
rsidata,public,61030,object_ship,Карта воздушного или морского судна,7,other_cost_value,Значение иного вида стоимости,numeric,,,,,
rsidata,public,61030,object_ship,Карта воздушного или морского судна,8,register_card_id,ИД главной карты РФИ,varchar,fk_object_s_reference_register,FK,rsidata,public,register_card,id
rsidata,public,61030,object_ship,Карта воздушного или морского судна,9,airport,Место (аэродром) базирования,varchar,,,,,
rsidata,public,61030,object_ship,Карта воздушного или морского судна,10,port,Порт (место) регистрации (приписки),varchar,,,,,
rsidata,public,61030,object_ship,Карта воздушного или морского судна,11,ship_create_place,Место постройки судна,varchar,,,,,
rsidata,public,61030,object_ship,Карта воздушного или морского судна,12,ship_create_year,Год постройки судна,varchar,,,,,
rsidata,public,61030,object_ship,Карта воздушного или морского судна,13,rec_status_id,,int4,,,,,
rsidata,public,61030,object_ship,Карта воздушного или морского судна,14,org_id,,varchar,,,,,
rsidata,public,61030,object_ship,Карта воздушного или морского судна,15,right_number,Номер регистрации права собственности РФ,varchar,,,,,
rsidata,public,61030,object_ship,Карта воздушного или морского судна,16,other_right_number,Номер регистрации иного вещного права,varchar,,,,,
rsidata,public,61030,object_ship,Карта воздушного или морского судна,17,right_date,Дата регистрации права собственности РФ,date,,,,,
rsidata,public,61030,object_ship,Карта воздушного или морского судна,18,other_right_date,Дата регистрации иного вещного права,date,,,,,
rsidata,public,61030,object_ship,Карта воздушного или морского судна,19,last_modified_by,Login пользователя инициатора изменений,varchar,,,,,
rsidata,public,61030,object_ship,Карта воздушного или морского судна,20,last_modified_date,Дата изменения записи,timestamp,,,,,
rsidata,public,61030,object_ship,Карта воздушного или морского судна,21,created_date,Дата создания записи,timestamp,,,,,
rsidata,public,61030,object_ship,Карта воздушного или морского судна,22,sd_depleted_cost,Признак закрытых сведений поля: Остаточная стоимость  (тыс. рублей),bool,,,,,
rsidata,public,61030,object_ship,Карта воздушного или морского судна,23,sd_initial_cost,Признак закрытых сведений поля: Первоначальная стоимость  (тыс. рублей),bool,,,,,
rsidata,public,61030,object_ship,Карта воздушного или морского судна,24,sd_other_cost_value,Признак закрытых сведений поля: Стоимость иного вида  (тыс. рублей),bool,,,,,
rsidata,public,61030,object_ship,Карта воздушного или морского судна,25,sd_other_right_date,Признак закрытых сведений поля: Дата регистрации иного вещного права,bool,,,,,
rsidata,public,61030,object_ship,Карта воздушного или морского судна,26,sd_right_date,Признак закрытых сведений поля: Дата регистрации права собственности РФ,bool,,,,,
rsidata,public,61030,object_ship,Карта воздушного или морского судна,27,sd_ship_number_date,Признак закрытых сведений поля: Дата регистрации,bool,,,,,
rsidata,public,61030,object_ship,Карта воздушного или морского судна,28,inventory_number,Инвентарный номер,varchar,,,,,
rsidata,public,61030,object_ship,Карта воздушного или морского судна,29,serial_number,Серийный (заводской) номер,varchar,,,,,
rsidata,public,61030,object_ship,Карта воздушного или морского судна,30,ship_type,,varchar,,,,,
rsidata,public,61030,object_ship,Карта воздушного или морского судна,31,book_cost,,numeric,,,,,
rsidata,public,61030,object_ship,Карта воздушного или морского судна,32,recovery_cost,,numeric,,,,,
rsidata,public,61030,object_ship,Карта воздушного или морского судна,33,is_turn_restrictions_exists,,bool,,,,,
rsidata,public,61030,object_ship,Карта воздушного или морского судна,34,is_under_construction,,bool,,,,,
rsidata,public,61030,object_ship,Карта воздушного или морского судна,35,identification_number,,varchar,,,,,
rsidata,public,61030,object_ship,Карта воздушного или морского судна,36,construction_site,,varchar,,,,,
rsidata,public,61030,object_ship,Карта воздушного или морского судна,37,created_by,,varchar,,,,,
rsidata,public,61030,object_ship,Карта воздушного или морского судна,38,privatization_year,,varchar,,,,,
rsidata,public,61030,object_ship,Карта воздушного или морского судна,39,target_function_id,,varchar,,,,,
rsidata,public,61030,object_ship,Карта воздушного или морского судна,41,actual_location,,varchar,,,,,
rsidata,public,61030,object_ship,Карта воздушного или морского судна,42,is_sail_right,,bool,,,,,
rsidata,public,61030,object_ship,Карта воздушного или морского судна,43,is_under_water,,bool,,,,,
rsidata,public,61030,object_ship,Карта воздушного или морского судна,44,is_confiscated,,bool,,,,,
rsidata,public,73667,objects_of_complex,,1,id,,varchar,pk_objectsofcomplex,PK,,,
rsidata,public,73667,objects_of_complex,,2,register_card_id,,varchar,fk_objects__reference_register,FK,rsidata,public,register_card,id
rsidata,public,73667,objects_of_complex,,3,type_id,,varchar,,,,,
rsidata,public,73667,objects_of_complex,,4,name,,varchar,,,,,
rsidata,public,73667,objects_of_complex,,5,accession_number,,varchar,,,,,
rsidata,public,73667,objects_of_complex,,6,number,,varchar,,,,,
rsidata,public,73667,objects_of_complex,,7,number_type_id,,varchar,,,,,
rsidata,public,73667,objects_of_complex,,8,number_date,,date,,,,,
rsidata,public,73667,objects_of_complex,,9,square,,numeric,,,,,
rsidata,public,73667,objects_of_complex,,10,extension,,numeric,,,,,
rsidata,public,73667,objects_of_complex,,11,number_of_storeys,,varchar,,,,,
rsidata,public,73667,objects_of_complex,,12,additional_storey_type,,varchar,,,,,
rsidata,public,73667,objects_of_complex,,13,underground_number_of_storeys,,varchar,,,,,
rsidata,public,73667,objects_of_complex,,14,address_id,,varchar,fk_objects__reference_address,FK,rsidata,public,address,id
rsidata,public,73667,objects_of_complex,,15,rec_status_id,,int4,,,,,
rsidata,public,73667,objects_of_complex,,16,external_system_id,,varchar,,,,,
rsidata,public,73667,objects_of_complex,,17,created_by,,varchar,,,,,
rsidata,public,73667,objects_of_complex,,18,created_date,,timestamp,,,,,
rsidata,public,73667,objects_of_complex,,19,last_modified_by,,varchar,,,,,
rsidata,public,73667,objects_of_complex,,20,last_modified_date,,timestamp,,,,,
rsidata,public,61012,object_space_ship,Карта космического объекта,1,id,ИД карты космического объекта,varchar,pk_objectspaceship,PK,,,
rsidata,public,61012,object_space_ship,Карта космического объекта,3,space_ship_number,Регистрационный номер,varchar,,,,,
rsidata,public,61012,object_space_ship,Карта космического объекта,4,space_ship_number_date,Дата присвоения регистрационного номера,date,,,,,
rsidata,public,61012,object_space_ship,Карта космического объекта,5,initial_cost,Первоначальная стоимость,numeric,,,,,
rsidata,public,61012,object_space_ship,Карта космического объекта,6,depleted_cost,Остаточная стоимость,numeric,,,,,
rsidata,public,61012,object_space_ship,Карта космического объекта,7,other_cost_name,Наименование иного вида стоимости,varchar,,,,,
rsidata,public,61012,object_space_ship,Карта космического объекта,8,other_cost_value,Значение иного вида стоимости,numeric,,,,,
rsidata,public,61012,object_space_ship,Карта космического объекта,9,register_card_id,ИД главной карты РФИ,varchar,fk_object_s_reference_register,FK,rsidata,public,register_card,id
rsidata,public,61012,object_space_ship,Карта космического объекта,10,cosmodrome,Место запуска (космодром),varchar,,,,,
rsidata,public,61012,object_space_ship,Карта космического объекта,11,start_date,Дата запуска,date,,,,,
rsidata,public,61012,object_space_ship,Карта космического объекта,12,flate_control_center,Центр управления полетом,varchar,,,,,
rsidata,public,61012,object_space_ship,Карта космического объекта,13,landing_place,Полигон посадки,varchar,,,,,
rsidata,public,61012,object_space_ship,Карта космического объекта,14,landing_date,Дата посадки,date,,,,,
rsidata,public,61012,object_space_ship,Карта космического объекта,15,rec_status_id,,int4,,,,,
rsidata,public,61012,object_space_ship,Карта космического объекта,16,org_id,,varchar,,,,,
rsidata,public,61012,object_space_ship,Карта космического объекта,17,space_ship_name,Наименование космического объекта,varchar,,,,,
rsidata,public,61012,object_space_ship,Карта космического объекта,18,right_number,Номер регистрации права собственности РФ,varchar,,,,,
rsidata,public,61012,object_space_ship,Карта космического объекта,19,other_right_number,Номер регистрации иного вещного права,varchar,,,,,
rsidata,public,61012,object_space_ship,Карта космического объекта,20,right_date,Дата регистрации права собственности РФ,date,,,,,
rsidata,public,61012,object_space_ship,Карта космического объекта,21,other_right_date,Дата регистрации иного вещего права,date,,,,,
rsidata,public,61012,object_space_ship,Карта космического объекта,22,last_modified_by,Login пользователя инициатора изменений,varchar,,,,,
rsidata,public,61012,object_space_ship,Карта космического объекта,23,last_modified_date,Дата изменения записи,timestamp,,,,,
rsidata,public,61012,object_space_ship,Карта космического объекта,24,created_by,Login пользователя инициатора создания,varchar,,,,,
rsidata,public,61012,object_space_ship,Карта космического объекта,25,created_date,Дата создания записи,timestamp,,,,,
rsidata,public,61012,object_space_ship,Карта космического объекта,26,sd_depleted_cost,Признак закрытых сведений поля: Остаточная стоимость  (тыс. рублей),bool,,,,,
rsidata,public,61012,object_space_ship,Карта космического объекта,27,sd_initial_cost,Признак закрытых сведений поля: Первоначальная стоимость  (тыс. рублей),bool,,,,,
rsidata,public,61012,object_space_ship,Карта космического объекта,28,sd_landing_date,Признак закрытых сведений поля: Дата посадки,bool,,,,,
rsidata,public,61012,object_space_ship,Карта космического объекта,29,sd_other_cost_value,Признак закрытых сведений поля: Стоимость иного вида  (тыс. рублей),bool,,,,,
rsidata,public,61012,object_space_ship,Карта космического объекта,30,sd_other_right_date,Признак закрытых сведений поля: Дата регистрации иного вещного права,bool,,,,,
rsidata,public,61012,object_space_ship,Карта космического объекта,31,sd_right_date,Признак закрытых сведений поля: Дата регистрации права собственности РФ,bool,,,,,
rsidata,public,61012,object_space_ship,Карта космического объекта,32,sd_space_ship_number_date,Признак закрытых сведений поля: Дата присвоения регистрационного номера,bool,,,,,
rsidata,public,61012,object_space_ship,Карта космического объекта,33,sd_start_date,Признак закрытых сведений поля: Дата запуска,bool,,,,,
rsidata,public,61012,object_space_ship,Карта космического объекта,34,inventory_number,Инвентарный номер,varchar,,,,,
rsidata,public,61012,object_space_ship,Карта космического объекта,35,book_cost,,numeric,,,,,
rsidata,public,61012,object_space_ship,Карта космического объекта,36,recovery_cost,,numeric,,,,,
rsidata,public,61012,object_space_ship,Карта космического объекта,37,is_turn_restrictions_exists,,bool,,,,,
rsidata,public,61012,object_space_ship,Карта космического объекта,38,target_function_id,,varchar,,,,,
rsidata,public,1571413,objects_register_card_link,,1,id,ГУИД,varchar,new_objects_register_card_link_id_pk,PK,,,
rsidata,public,1571413,objects_register_card_link,,2,register_card_id,гуид карты в рамках которой происходит изменение,varchar,,,,,
rsidata,public,1571413,objects_register_card_link,,3,change_record_id,гуид записи на изменение,varchar,,,,,
rsidata,public,1571413,objects_register_card_link,,4,object_id,гуид обеъкта который в состоянии создание\удаления,varchar,,,,,
rsidata,public,1571413,objects_register_card_link,,5,object_type,тип обьетка,varchar,,,,,
rsidata,public,1571413,objects_register_card_link,,6,rec_status_id,0 или -1 (для удаленной строки),int4,,,,,
rsidata,public,1571413,objects_register_card_link,,7,active,признак активности записи( измнения вносятся именно по записи с эти признаком,bool,,,,,
rsidata,public,1571413,objects_register_card_link,,8,change_type,to_create/to_delete  ( обьект планируется удалить или создать,varchar,,,,,
rsidata,public,1571413,objects_register_card_link,,9,created_by,кем создана,varchar,,,,,
rsidata,public,1571413,objects_register_card_link,,10,created_date,когда создана,timestamp,,,,,
rsidata,public,1571413,objects_register_card_link,,11,last_modified_by,кем изменена,varchar,,,,,
rsidata,public,1571413,objects_register_card_link,,12,last_modified_date,когда изменена,timestamp,,,,,
rsidata,public,61433,object_stock,,1,id,,varchar,pk_objectstock,PK,,,
rsidata,public,61433,object_stock,,2,register_card_id,,varchar,fk_object_s_reference_register,FK,rsidata,public,register_card,id
rsidata,public,61433,object_stock,,3,currency_id,,varchar,,,,,
rsidata,public,61433,object_stock,,4,rec_status_id,,int4,,,,,
rsidata,public,61433,object_stock,,5,stock_company_id,,varchar,,,,,
rsidata,public,61433,object_stock,,6,is_specialright_exists,,bool,,,,,
rsidata,public,61433,object_stock,,7,specialright_start_date,,date,,,,,
rsidata,public,61433,object_stock,,8,specialright_cancellation_date,,date,,,,,
rsidata,public,61433,object_stock,,9,is_turn_restrictions_exists,,bool,,,,,
rsidata,public,61433,object_stock,,10,created_by,,varchar,,,,,
rsidata,public,61433,object_stock,,11,created_date,,timestamp,,,,,
rsidata,public,61433,object_stock,,12,last_modified_by,,varchar,,,,,
rsidata,public,61433,object_stock,,13,last_modified_date,,timestamp,,,,,
rsidata,public,3530527,object_to_charge_link,,1,id,,varchar,object_to_charge_link_pk,PK,,,
rsidata,public,3530527,object_to_charge_link,,2,object_id,,varchar,,,,,
rsidata,public,3530527,object_to_charge_link,,3,charge_id,,varchar,,,,,
rsidata,public,3530527,object_to_charge_link,,4,rec_status_id,,int4,,,,,
rsidata,public,3530527,object_to_charge_link,,5,created_by,,varchar,,,,,
rsidata,public,3530527,object_to_charge_link,,6,created_date,,timestamp,,,,,
rsidata,public,3530527,object_to_charge_link,,7,last_modified_date,,timestamp,,,,,
rsidata,public,3530527,object_to_charge_link,,8,last_modified_by,,varchar,,,,,
rsidata,public,3584373,object_union_charge,,1,id,,varchar,object_union_charge_pk_3,PK,,,
rsidata,public,3584373,object_union_charge,,2,charge_id,,varchar,,,,,
rsidata,public,3584373,object_union_charge,,3,incumbrancer_other_ogrn,,varchar,,,,,
rsidata,public,3584373,object_union_charge,,4,created_by,,varchar,,,,,
rsidata,public,3584373,object_union_charge,,5,rec_status_id,,int4,,,,,
rsidata,public,3584373,object_union_charge,,6,created_date,,timestamp,,,,,
rsidata,public,3584373,object_union_charge,,7,last_modified_date,,timestamp,,,,,
rsidata,public,3584373,object_union_charge,,8,last_modified_by,,varchar,,,,,
rsidata,public,3516998,object_union_state,,1,id,,varchar,object_union_state_pk,PK,,,
rsidata,public,3516998,object_union_state,,2,object_property_type_id,Вид имущества,varchar,,,,,
rsidata,public,3516998,object_union_state,,3,address_id,Адрес (местоположение),varchar,,,,,
rsidata,public,3516998,object_union_state,,4,object_name,Наименование,varchar,,,,,
rsidata,public,3516998,object_union_state,,5,square,Площадь (кв.м),numeric,,,,,
rsidata,public,3516998,object_union_state,,6,extension,Протяженность (м),numeric,,,,,
rsidata,public,3516998,object_union_state,,7,number_of_storeys,Этажность,varchar,,,,,
rsidata,public,3516998,object_union_state,,8,underground_number_of_storeys,Подземная этажность,int4,,,,,
rsidata,public,3516998,object_union_state,,9,other_parameters_name,Наименование иных параметров,varchar,,,,,
rsidata,public,3516998,object_union_state,,10,other_parameters_type,ЕИ иных параметров,varchar,,,,,
rsidata,public,3516998,object_union_state,,11,other_parameters_value,Значение иных параметров,varchar,,,,,
rsidata,public,3516998,object_union_state,,12,work_on_creation_start,Начало работ по созданию,date,,,,,
rsidata,public,3516998,object_union_state,,13,work_on_creation_end,Окончание работ по созданию,date,,,,,
rsidata,public,3516998,object_union_state,,14,purchased,Приобретено,date,,,,,
rsidata,public,3516998,object_union_state,,15,putting_year,Ввод в эксплуатацию,int4,,,,,
rsidata,public,3516998,object_union_state,,16,model,Марка, модель,varchar,,,,,
rsidata,public,3516998,object_union_state,,17,produse_year,Год выпуска,int4,,,,,
rsidata,public,3516998,object_union_state,,18,amount,Количество объектов,numeric,,,,,
rsidata,public,3516998,object_union_state,,19,amount_type,ЕИ количества объектов,varchar,,,,,
rsidata,public,3516998,object_union_state,,20,inventory_number,Инвентарный номер,varchar,,,,,
rsidata,public,3516998,object_union_state,,21,cadaster_number,Кадастровый номер,varchar,,,,,
rsidata,public,3516998,object_union_state,,22,cadaster_number_date,Дата кадастрового номера,date,,,,,
rsidata,public,3516998,object_union_state,,23,right_number,Номер регистрации права,varchar,,,,,
rsidata,public,3516998,object_union_state,,24,right_number_date,Дата регистрации права,date,,,,,
rsidata,public,3516998,object_union_state,,25,identification_number,Идентификационный номер,varchar,,,,,
rsidata,public,3516998,object_union_state,,26,intended_use_id,Использование по назначению,varchar,,,,,
rsidata,public,3516998,object_union_state,,27,state_customer,Гос. заказчик,varchar,,,,,
rsidata,public,3516998,object_union_state,,28,ogrn,,varchar,,,,,
rsidata,public,3516998,object_union_state,,29,okogu_id,,int4,,,,,
rsidata,public,3516998,object_union_state,,30,okopf_id,,varchar,,,,,
rsidata,public,3516998,object_union_state,,31,program_code,Код программы,varchar,,,,,
rsidata,public,3516998,object_union_state,,32,program_date,Дата программы,date,,,,,
rsidata,public,3516998,object_union_state,,33,decree_datails,Реквизиты декрета,varchar,,,,,
rsidata,public,3516998,object_union_state,,34,program_name,Наименование программы,varchar,,,,,
rsidata,public,3516998,object_union_state,,35,approval_act_name,Наименование акта об утверждении,varchar,,,,,
rsidata,public,3516998,object_union_state,,36,approval_act_number,,varchar,,,,,
rsidata,public,3516998,object_union_state,,37,approval_act_date,,date,,,,,
rsidata,public,3516998,object_union_state,,38,completion_act_name,Наименование акта о завершении,varchar,,,,,
rsidata,public,3516998,object_union_state,,39,completion_act_number,,varchar,,,,,
rsidata,public,3516998,object_union_state,,40,completion_act_date,,date,,,,,
rsidata,public,3516998,object_union_state,,41,land_cadaster_number,,varchar,,,,,
rsidata,public,3516998,object_union_state,,42,land_square,,numeric,,,,,
rsidata,public,3516998,object_union_state,,43,property_category_id,Форма собственности,varchar,,,,,
rsidata,public,3516998,object_union_state,,44,register_card_land_id,,varchar,,,,,
rsidata,public,3516998,object_union_state,,45,rec_status_id,,int4,,,,,
rsidata,public,3516998,object_union_state,,46,sys_number,,int8,,,,,
rsidata,public,3516998,object_union_state,,47,register_number,,varchar,,,,,
rsidata,public,3516998,object_union_state,,48,register_date,,date,,,,,
rsidata,public,3516998,object_union_state,,49,created_date,,timestamp,,,,,
rsidata,public,3516998,object_union_state,,50,created_by,,varchar,,,,,
rsidata,public,3516998,object_union_state,,51,last_modified_date,,timestamp,,,,,
rsidata,public,3516998,object_union_state,,52,last_modified_by,,varchar,,,,,
rsidata,public,3516998,object_union_state,,53,card_status_id,,varchar,,,,,
rsidata,public,3516998,object_union_state,,54,card_status_date,,date,,,,,
rsidata,public,3516998,object_union_state,,55,business_key,,varchar,,,,,
rsidata,public,3516998,object_union_state,,56,include_date,,date,,,,,
rsidata,public,3516998,object_union_state,,57,exclude_date,,date,,,,,
rsidata,public,3516998,object_union_state,,58,active,,bool,,,,,
rsidata,public,3516998,object_union_state,,59,disactive_date,,timestamp,,,,,
rsidata,public,3516998,object_union_state,,60,holder_id,Правообладатель,varchar,,,,,
rsidata,public,3516998,object_union_state,,61,agency_id,,varchar,,,,,
rsidata,public,3516998,object_union_state,,62,decline_note,,varchar,,,,,
rsidata,public,3516998,object_union_state,,63,note,,varchar,,,,,
rsidata,public,3516998,object_union_state,,64,creation_cost,Стоимость создания,numeric,,,,,
rsidata,public,3516998,object_union_state,,65,purchase_cost,Стоимость приобретения,numeric,,,,,
rsidata,public,3516998,object_union_state,,66,cadastral_cost,Стоимость кадастровая,numeric,,,,,
rsidata,public,3516998,object_union_state,,67,one_type_movable_total_cost,Общая стоимость объектов движимого имущества одного вида,numeric,,,,,
rsidata,public,3516998,object_union_state,,68,change_card_status_id,,varchar,,,,,
rsidata,public,3516998,object_union_state,,69,change_alias_code,,varchar,,,,,
rsidata,public,3516998,object_union_state,,70,change_date,,date,,,,,
rsidata,public,3516998,object_union_state,,71,object_property_kind,Вид объекта имущества,varchar,,,,,
rsidata,public,3516998,object_union_state,,72,state_customer_supervisor,,varchar,,,,,
rsidata,public,3516998,object_union_state,,73,supervisor_id,,varchar,,,,,
rsidata,public,3516998,object_union_state,,74,supervisor_ogrn,,varchar,,,,,
rsidata,public,60377,register_card,,1,id,,varchar,pk__register_card_id,PK,,,
rsidata,public,60377,register_card,,2,register_section_id,,varchar,,,,,
rsidata,public,60377,register_card,,3,object_name,,varchar,,,,,
rsidata,public,60377,register_card,,4,card_number,,varchar,,,,,
rsidata,public,60377,register_card,,5,agency_id,,varchar,,,,,
rsidata,public,60377,register_card,,6,register_number,,varchar,,,,,
rsidata,public,60377,register_card,,7,register_date,,date,,,,,
rsidata,public,60377,register_card,,8,subject_signature_date,,date,,,,,
rsidata,public,60377,register_card,,9,agency_signature_date,,date,,,,,
rsidata,public,60377,register_card,,10,register_folder_id,,varchar,,,,,
rsidata,public,60377,register_card,,11,request_id,,varchar,,,,,
rsidata,public,60377,register_card,,12,card_status_id,,varchar,,,,,
rsidata,public,60377,register_card,,13,right_mode_id,,varchar,,,,,
rsidata,public,60377,register_card,,14,rec_status_id,,int4,,,,,
rsidata,public,60377,register_card,,15,org_id,,varchar,,,,,
rsidata,public,60377,register_card,,16,ul_id,,varchar,,,,,
rsidata,public,60377,register_card,,17,sys_number,,int8,,,,,
rsidata,public,60377,register_card,,18,order_card_number,,int4,,,,,
rsidata,public,60377,register_card,,19,agency_text,,varchar,,,,,
rsidata,public,60377,register_card,,20,right_holder_text,,varchar,,,,,
rsidata,public,60377,register_card,,21,object_purpose_type_id,,varchar,,,,,
rsidata,public,60377,register_card,,22,register_card_parent_id,,varchar,,,,,
rsidata,public,60377,register_card,,23,holder_id,,varchar,,,,,
rsidata,public,60377,register_card,,24,subscriber_id,,varchar,,,,,
rsidata,public,60377,register_card,,25,card_status_date,,date,,,,,
rsidata,public,60377,register_card,,26,object_purpose_type_name,,varchar,,,,,
rsidata,public,60377,register_card,,27,include_base_id,,int4,,,,,
rsidata,public,60377,register_card,,28,include_date,,date,,,,,
rsidata,public,60377,register_card,,29,exclude_base_id,,int4,,,,,
rsidata,public,60377,register_card,,30,exclude_date,,date,,,,,
rsidata,public,60377,register_card,,31,register_card_note,,varchar,,,,,
rsidata,public,60377,register_card,,32,siod_num,,int4,,,,,
rsidata,public,60377,register_card,,33,fix_date,,date,,,,,
rsidata,public,60377,register_card,,34,charge_count,,int4,,,,,
rsidata,public,60377,register_card,,35,created_date,,timestamp,,,,,
rsidata,public,60377,register_card,,36,created_by,,varchar,,,,,
rsidata,public,60377,register_card,,37,last_modified_date,,timestamp,,,,,
rsidata,public,60377,register_card,,38,last_modified_by,,varchar,,,,,
rsidata,public,60377,register_card,,39,create_utc_date,Дата создания карты,date,,,,,
rsidata,public,60377,register_card,,40,object_purpose_type_other,Иной тип назначения объекта,varchar,,,,,
rsidata,public,60377,register_card,,41,include_base_other,,varchar,,,,,
rsidata,public,60377,register_card,,42,exclude_base_other,,varchar,,,,,
rsidata,public,60377,register_card,,43,accounting_date,,date,,,,,
rsidata,public,60377,register_card,,44,subject_signature_last_name,,varchar,,,,,
rsidata,public,60377,register_card,,45,subject_signature_first_name,,varchar,,,,,
rsidata,public,60377,register_card,,46,subject_signature_middle_name,,varchar,,,,,
rsidata,public,60377,register_card,,47,is_temporary_rnfinumber,Хранение признака "Учесть с временным номером",bool,,,,,
rsidata,public,60377,register_card,,48,agency_from_card_number,,varchar,,,,,
rsidata,public,60377,register_card,,49,external_system_id,,varchar,,,,,
rsidata,public,60377,register_card,,50,share,,numeric,,,,,
rsidata,public,60377,register_card,,51,internal_estate_date,,date,,,,,
rsidata,public,60377,register_card,,52,external_estate_date,,date,,,,,
rsidata,public,60377,register_card,,53,is_privatization,,bool,,,,,
rsidata,public,60377,register_card,,54,is_privatization_offer,,bool,,,,,
rsidata,public,60377,register_card,,55,is_privatization_project,,bool,,,,,
rsidata,public,60377,register_card,,56,property_object_type_id,,varchar,,,,,
rsidata,public,60377,register_card,,57,technical_condition_id,,varchar,,,,,
rsidata,public,60377,register_card,,58,estate_object_note,,varchar,,,,,
rsidata,public,60377,register_card,,59,is_state_treasury,,bool,,,,,
rsidata,public,59715,request,Запрос на регистрацию карты,1,id,ИД запроса на регистрацию карты,varchar,pk__request__5be2a6f2,PK,,,
rsidata,public,59715,request,Запрос на регистрацию карты,2,request_number,Номер запроса,int8,,,,,
rsidata,public,59715,request,Запрос на регистрацию карты,3,request_date,Дата запроса,date,,,,,
rsidata,public,59715,request,Запрос на регистрацию карты,4,request_status_id,ИД статуса запроса,varchar,,,,,
rsidata,public,59715,request,Запрос на регистрацию карты,5,request_note,Комментарий,varchar,,,,,
rsidata,public,59715,request,Запрос на регистрацию карты,6,rec_status_id,ИД статуса записи таблицы,int4,,,,,
rsidata,public,59715,request,Запрос на регистрацию карты,7,org_id,,varchar,,,,,
rsidata,public,59715,request,Запрос на регистрацию карты,8,holder_id,ИД правообладателя,varchar,,,,,
rsidata,public,59715,request,Запрос на регистрацию карты,9,sender_outgoing_number,Исх. № отправителя,varchar,,,,,
rsidata,public,59715,request,Запрос на регистрацию карты,10,sender_outgoing_date,Дата исх. № отправителя,date,,,,,
rsidata,public,59715,request,Запрос на регистрацию карты,11,incoming_number,№ вх.,varchar,,,,,
rsidata,public,59715,request,Запрос на регистрацию карты,12,incoming_date,Дата вх.,date,,,,,
rsidata,public,59715,request,Запрос на регистрацию карты,13,created_date,,timestamp,,,,,
rsidata,public,59715,request,Запрос на регистрацию карты,14,created_by,,varchar,,,,,
rsidata,public,59715,request,Запрос на регистрацию карты,15,last_modified_date,,timestamp,,,,,
rsidata,public,59715,request,Запрос на регистрацию карты,16,last_modified_by,,varchar,,,,,,,